This is pdfTeX, Version 3.14159265-2.6-1.40.20 (TeX Live 2019/Debian) (preloaded format=pdflatex 2022.3.1)  16 MAY 2022 20:46
entering extended mode
 restricted \write18 enabled.
 %&-line parsing enabled.
**c01.tex
(./c01.tex
LaTeX2e <2020-02-02> patch level 2
L3 programming layer <2020-02-14>
(/usr/share/texlive/texmf-dist/tex/latex/base/article.cls
Document Class: article 2019/12/20 v1.4l Standard LaTeX document class
(/usr/share/texlive/texmf-dist/tex/latex/base/size10.clo
File: size10.clo 2019/12/20 v1.4l Standard LaTeX file (size option)
)
\c@part=\count167
\c@section=\count168
\c@subsection=\count169
\c@subsubsection=\count170
\c@paragraph=\count171
\c@subparagraph=\count172
\c@figure=\count173
\c@table=\count174
\abovecaptionskip=\skip47
\belowcaptionskip=\skip48
\bibindent=\dimen134
)
(/usr/share/texlive/texmf-dist/tex/latex/amsfonts/amsfonts.sty
Package: amsfonts 2013/01/14 v3.01 Basic AMSFonts support
\@emptytoks=\toks14
\symAMSa=\mathgroup4
\symAMSb=\mathgroup5
LaTeX Font Info:    Redeclaring math symbol \hbar on input line 98.
LaTeX Font Info:    Overwriting math alphabet `\mathfrak' in version `bold'
(Font)                  U/euf/m/n --> U/euf/b/n on input line 106.
)
(/usr/share/texlive/texmf-dist/tex/latex/l3backend/l3backend-pdfmode.def
File: l3backend-pdfmode.def 2020-02-03 L3 backend support: PDF mode
\l__kernel_color_stack_int=\count175
\l__pdf_internal_box=\box45
)
(./c01.aux)
\openout1 = `c01.aux'.

LaTeX Font Info:    Checking defaults for OML/cmm/m/it on input line 5.
LaTeX Font Info:    ... okay on input line 5.
LaTeX Font Info:    Checking defaults for OMS/cmsy/m/n on input line 5.
LaTeX Font Info:    ... okay on input line 5.
LaTeX Font Info:    Checking defaults for OT1/cmr/m/n on input line 5.
LaTeX Font Info:    ... okay on input line 5.
LaTeX Font Info:    Checking defaults for T1/cmr/m/n on input line 5.
LaTeX Font Info:    ... okay on input line 5.
LaTeX Font Info:    Checking defaults for TS1/cmr/m/n on input line 5.
LaTeX Font Info:    ... okay on input line 5.
LaTeX Font Info:    Checking defaults for OMX/cmex/m/n on input line 5.
LaTeX Font Info:    ... okay on input line 5.
LaTeX Font Info:    Checking defaults for U/cmr/m/n on input line 5.
LaTeX Font Info:    ... okay on input line 5.
LaTeX Font Info:    Trying to load font information for U+msa on input line 24.

 (/usr/share/texlive/texmf-dist/tex/latex/amsfonts/umsa.fd
File: umsa.fd 2013/01/14 v3.01 AMS symbols A
)
LaTeX Font Info:    Trying to load font information for U+msb on input line 24.


(/usr/share/texlive/texmf-dist/tex/latex/amsfonts/umsb.fd
File: umsb.fd 2013/01/14 v3.01 AMS symbols B
) [1

{/var/lib/texmf/fonts/map/pdftex/updmap/pdftex.map}]

! Package inputenc Error: Unicode character   (U+2000)
(inputenc)                not set up for use with LaTeX.

See the inputenc package documentation for explanation.
Type  H <return>  for immediate help.
 ...                                              
                                                  
l.113 and the angular velocity of the shaft as  
                                                  , then the equation govern...

You may provide a definition with
\DeclareUnicodeCharacter 


! Package inputenc Error: Unicode character θ (U+03B8)
(inputenc)                not set up for use with LaTeX.

See the inputenc package documentation for explanation.
Type  H <return>  for immediate help.
 ...                                              
                                                  
l.129 The steady states of the system are θ
                                             = 0, π, and also °æcos−1
You may provide a definition with
\DeclareUnicodeCharacter 


! Package inputenc Error: Unicode character π (U+03C0)
(inputenc)                not set up for use with LaTeX.

See the inputenc package documentation for explanation.
Type  H <return>  for immediate help.
 ...                                              
                                                  
l.129 ...teady states of the system are θ = 0, π
                                                  , and also °æcos−1
You may provide a definition with
\DeclareUnicodeCharacter 


! Package inputenc Error: Unicode character − (U+2212)
(inputenc)                not set up for use with LaTeX.

See the inputenc package documentation for explanation.
Type  H <return>  for immediate help.
 ...                                              
                                                  
l.129 ...ystem are θ = 0, π, and also °æcos−
                                                  1
You may provide a definition with
\DeclareUnicodeCharacter 


! Package inputenc Error: Unicode character   (U+2000)
(inputenc)                not set up for use with LaTeX.

See the inputenc package documentation for explanation.
Type  H <return>  for immediate help.
 ...                                              
                                                  
l.130  
         
You may provide a definition with
\DeclareUnicodeCharacter 


! Package inputenc Error: Unicode character   (U+2000)
(inputenc)                not set up for use with LaTeX.

See the inputenc package documentation for explanation.
Type  H <return>  for immediate help.
 ...                                              
                                                  
l.131  
         2c
You may provide a definition with
\DeclareUnicodeCharacter 


! Package inputenc Error: Unicode character   (U+2000)
(inputenc)                not set up for use with LaTeX.

See the inputenc package documentation for explanation.
Type  H <return>  for immediate help.
 ...                                              
                                                  
l.132  
         2
You may provide a definition with
\DeclareUnicodeCharacter 


! Package inputenc Error: Unicode character   (U+2000)
(inputenc)                not set up for use with LaTeX.

See the inputenc package documentation for explanation.
Type  H <return>  for immediate help.
 ...                                              
                                                  
l.133  
         
You may provide a definition with
\DeclareUnicodeCharacter 


! Package inputenc Error: Unicode character   (U+2000)
(inputenc)                not set up for use with LaTeX.

See the inputenc package documentation for explanation.
Type  H <return>  for immediate help.
 ...                                              
                                                  
l.134 if 
            >  c.
You may provide a definition with
\DeclareUnicodeCharacter 


! Package inputenc Error: Unicode character   (U+2000)
(inputenc)                not set up for use with LaTeX.

See the inputenc package documentation for explanation.
Type  H <return>  for immediate help.
 ...                                              
                                                  
l.134 if  >  
                 c.
You may provide a definition with
\DeclareUnicodeCharacter 


! Package inputenc Error: Unicode character θ (U+03B8)
(inputenc)                not set up for use with LaTeX.

See the inputenc package documentation for explanation.
Type  H <return>  for immediate help.
 ...                                              
                                                  
l.135 ...n be seen in the fact that we can have θ
                                                   as an
You may provide a definition with
\DeclareUnicodeCharacter 


! Package inputenc Error: Unicode character   (U+2000)
(inputenc)                not set up for use with LaTeX.

See the inputenc package documentation for explanation.
Type  H <return>  for immediate help.
 ...                                              
                                                  
l.136 increasing function of  
                                 if  >  c, thus opening the valve, and i...

You may provide a definition with
\DeclareUnicodeCharacter 


! Package inputenc Error: Unicode character   (U+2000)
(inputenc)                not set up for use with LaTeX.

See the inputenc package documentation for explanation.
Type  H <return>  for immediate help.
 ...                                              
                                                  
l.136 increasing function of   if 
                                       >  c, thus opening the valve, and i...

You may provide a definition with
\DeclareUnicodeCharacter 


! Package inputenc Error: Unicode character   (U+2000)
(inputenc)                not set up for use with LaTeX.

See the inputenc package documentation for explanation.
Type  H <return>  for immediate help.
 ...                                              
                                                  
l.136 increasing function of   if  >  
                                            c, thus opening the valve, and i...

You may provide a definition with
\DeclareUnicodeCharacter 


! Package inputenc Error: Unicode character   (U+2000)
(inputenc)                not set up for use with LaTeX.

See the inputenc package documentation for explanation.
Type  H <return>  for immediate help.
 ...                                              
                                                  
l.137 ...istence of a pitchfork bifurcation at  
                                                   =  c.More precisely, if...

You may provide a definition with
\DeclareUnicodeCharacter 


! Package inputenc Error: Unicode character   (U+2000)
(inputenc)                not set up for use with LaTeX.

See the inputenc package documentation for explanation.
Type  H <return>  for immediate help.
 ...                                              
                                                  
l.137 ...e of a pitchfork bifurcation at   =  
                                                  c.More precisely, if we li...

You may provide a definition with
\DeclareUnicodeCharacter 


! Package inputenc Error: Unicode character θ (U+03B8)
(inputenc)                not set up for use with LaTeX.

See the inputenc package documentation for explanation.
Type  H <return>  for immediate help.
 ...                                              
                                                  
l.139 °ß θ
              ≈
You may provide a definition with
\DeclareUnicodeCharacter 


! Package inputenc Error: Unicode character ≈ (U+2248)
(inputenc)                not set up for use with LaTeX.

See the inputenc package documentation for explanation.
Type  H <return>  for immediate help.
 ...                                              
                                                  
l.139 °ß θ ≈
                 
You may provide a definition with
\DeclareUnicodeCharacter 


! Package inputenc Error: Unicode character   (U+2000)
(inputenc)                not set up for use with LaTeX.

See the inputenc package documentation for explanation.
Type  H <return>  for immediate help.
 ...                                              
                                                  
l.140  
         
You may provide a definition with
\DeclareUnicodeCharacter 


! Package inputenc Error: Unicode character   (U+2000)
(inputenc)                not set up for use with LaTeX.

See the inputenc package documentation for explanation.
Type  H <return>  for immediate help.
 ...                                              
                                                  
l.141  
         2 −  2c
You may provide a definition with
\DeclareUnicodeCharacter 


! Package inputenc Error: Unicode character − (U+2212)
(inputenc)                not set up for use with LaTeX.

See the inputenc package documentation for explanation.
Type  H <return>  for immediate help.
 ...                                              
                                                  
l.141  2 −
                2c
You may provide a definition with
\DeclareUnicodeCharacter 


! Package inputenc Error: Unicode character   (U+2000)
(inputenc)                not set up for use with LaTeX.

See the inputenc package documentation for explanation.
Type  H <return>  for immediate help.
 ...                                              
                                                  
l.141  2 −  
                  2c
You may provide a definition with
\DeclareUnicodeCharacter 


! Package inputenc Error: Unicode character   (U+2000)
(inputenc)                not set up for use with LaTeX.

See the inputenc package documentation for explanation.
Type  H <return>  for immediate help.
 ...                                              
                                                  
l.142  
         
You may provide a definition with
\DeclareUnicodeCharacter 


! Package inputenc Error: Unicode character θ (U+03B8)
(inputenc)                not set up for use with LaTeX.

See the inputenc package documentation for explanation.
Type  H <return>  for immediate help.
 ...                                              
                                                  
l.143 θ
        , (1.9)
You may provide a definition with
\DeclareUnicodeCharacter 


! Package inputenc Error: Unicode character   (U+2000)
(inputenc)                not set up for use with LaTeX.

See the inputenc package documentation for explanation.
Type  H <return>  for immediate help.
 ...                                              
                                                  
l.144 ...the vertical state loses stability for 
                                                   >  c. Expanding further...

You may provide a definition with
\DeclareUnicodeCharacter 


! Package inputenc Error: Unicode character   (U+2000)
(inputenc)                not set up for use with LaTeX.

See the inputenc package documentation for explanation.
Type  H <return>  for immediate help.
 ...                                              
                                                  
l.144 ...rtical state loses stability for  >  
                                                  c. Expanding further in θ...

You may provide a definition with
\DeclareUnicodeCharacter 


! Package inputenc Error: Unicode character θ (U+03B8)
(inputenc)                not set up for use with LaTeX.

See the inputenc package documentation for explanation.
Type  H <return>  for immediate help.
 ...                                              
                                                  
l.144 ...ty for  >  c. Expanding further in θ
                                                   and also
You may provide a definition with
\DeclareUnicodeCharacter 


! Package inputenc Error: Unicode character   (U+2000)
(inputenc)                not set up for use with LaTeX.

See the inputenc package documentation for explanation.
Type  H <return>  for immediate help.
 ...                                              
                                                  
l.145 supposing that  
                         −  c is small, we have
You may provide a definition with
\DeclareUnicodeCharacter 


! Package inputenc Error: Unicode character − (U+2212)
(inputenc)                not set up for use with LaTeX.

See the inputenc package documentation for explanation.
Type  H <return>  for immediate help.
 ...                                              
                                                  
l.145 supposing that   −
                              c is small, we have
You may provide a definition with
\DeclareUnicodeCharacter 


! Package inputenc Error: Unicode character   (U+2000)
(inputenc)                not set up for use with LaTeX.

See the inputenc package documentation for explanation.
Type  H <return>  for immediate help.
 ...                                              
                                                  
l.145 supposing that   −  
                                c is small, we have
You may provide a definition with
\DeclareUnicodeCharacter 


! Package inputenc Error: Unicode character θ (U+03B8)
(inputenc)                not set up for use with LaTeX.

See the inputenc package documentation for explanation.
Type  H <return>  for immediate help.
 ...                                              
                                                  
l.146 °ß θ
              ≈
You may provide a definition with
\DeclareUnicodeCharacter 


! Package inputenc Error: Unicode character ≈ (U+2248)
(inputenc)                not set up for use with LaTeX.

See the inputenc package documentation for explanation.
Type  H <return>  for immediate help.
 ...                                              
                                                  
l.146 °ß θ ≈
                 
You may provide a definition with
\DeclareUnicodeCharacter 


! Package inputenc Error: Unicode character   (U+2000)
(inputenc)                not set up for use with LaTeX.

See the inputenc package documentation for explanation.
Type  H <return>  for immediate help.
 ...                                              
                                                  
l.147  
         
You may provide a definition with
\DeclareUnicodeCharacter 


! Package inputenc Error: Unicode character   (U+2000)
(inputenc)                not set up for use with LaTeX.

See the inputenc package documentation for explanation.
Type  H <return>  for immediate help.
 ...                                              
                                                  
l.148  
         2 −  2c
You may provide a definition with
\DeclareUnicodeCharacter 


! Package inputenc Error: Unicode character − (U+2212)
(inputenc)                not set up for use with LaTeX.

See the inputenc package documentation for explanation.
Type  H <return>  for immediate help.
 ...                                              
                                                  
l.148  2 −
                2c
You may provide a definition with
\DeclareUnicodeCharacter 


! Package inputenc Error: Unicode character   (U+2000)
(inputenc)                not set up for use with LaTeX.

See the inputenc package documentation for explanation.
Type  H <return>  for immediate help.
 ...                                              
                                                  
l.148  2 −  
                  2c
You may provide a definition with
\DeclareUnicodeCharacter 


! Package inputenc Error: Unicode character   (U+2000)
(inputenc)                not set up for use with LaTeX.

See the inputenc package documentation for explanation.
Type  H <return>  for immediate help.
 ...                                              
                                                  
l.149  
         
You may provide a definition with
\DeclareUnicodeCharacter 


! Package inputenc Error: Unicode character θ (U+03B8)
(inputenc)                not set up for use with LaTeX.

See the inputenc package documentation for explanation.
Type  H <return>  for immediate help.
 ...                                              
                                                  
l.150 θ
         − 1
You may provide a definition with
\DeclareUnicodeCharacter 


! Package inputenc Error: Unicode character − (U+2212)
(inputenc)                not set up for use with LaTeX.

See the inputenc package documentation for explanation.
Type  H <return>  for immediate help.
 ...                                              
                                                  
l.150 θ −
             1
You may provide a definition with
\DeclareUnicodeCharacter 


! Package inputenc Error: Unicode character   (U+2000)
(inputenc)                not set up for use with LaTeX.

See the inputenc package documentation for explanation.
Type  H <return>  for immediate help.
 ...                                              
                                                  
l.151 2 
          2cθ3 . . . , (1.10)
You may provide a definition with
\DeclareUnicodeCharacter 


! Package inputenc Error: Unicode character θ (U+03B8)
(inputenc)                not set up for use with LaTeX.

See the inputenc package documentation for explanation.
Type  H <return>  for immediate help.
 ...                                              
                                                  
l.151 2 2cθ
              3 . . . , (1.10)
You may provide a definition with
\DeclareUnicodeCharacter 


! Package inputenc Error: Unicode character θ (U+03B8)
(inputenc)                not set up for use with LaTeX.

See the inputenc package documentation for explanation.
Type  H <return>  for immediate help.
 ...                                              
                                                  
l.152 ...re is an exchange of stability between θ
                                                   = 0 and the
You may provide a definition with
\DeclareUnicodeCharacter 


! Package inputenc Error: Unicode character μ (U+03BC)
(inputenc)                not set up for use with LaTeX.

See the inputenc package documentation for explanation.
Type  H <return>  for immediate help.
 ...                                              
                                                  
l.157 ˙ x = μ
               x −  y − x(x2 + y2),
You may provide a definition with
\DeclareUnicodeCharacter 


! Package inputenc Error: Unicode character − (U+2212)
(inputenc)                not set up for use with LaTeX.

See the inputenc package documentation for explanation.
Type  H <return>  for immediate help.
 ...                                              
                                                  
l.157 ˙ x = μx −
                      y − x(x2 + y2),
You may provide a definition with
\DeclareUnicodeCharacter 


! Package inputenc Error: Unicode character   (U+2000)
(inputenc)                not set up for use with LaTeX.

See the inputenc package documentation for explanation.
Type  H <return>  for immediate help.
 ...                                              
                                                  
l.157 ˙ x = μx −  
                        y − x(x2 + y2),
You may provide a definition with
\DeclareUnicodeCharacter 


! Package inputenc Error: Unicode character − (U+2212)
(inputenc)                not set up for use with LaTeX.

See the inputenc package documentation for explanation.
Type  H <return>  for immediate help.
 ...                                              
                                                  
l.157 ˙ x = μx −  y −
                              x(x2 + y2),
You may provide a definition with
\DeclareUnicodeCharacter 


! Package inputenc Error: Unicode character   (U+2000)
(inputenc)                not set up for use with LaTeX.

See the inputenc package documentation for explanation.
Type  H <return>  for immediate help.
 ...                                              
                                                  
l.158 ˙y =  
               x + μy − y(x2 + y2). (1.11)
You may provide a definition with
\DeclareUnicodeCharacter 


! Package inputenc Error: Unicode character μ (U+03BC)
(inputenc)                not set up for use with LaTeX.

See the inputenc package documentation for explanation.
Type  H <return>  for immediate help.
 ...                                              
                                                  
l.158 ˙y =  x + μ
                     y − y(x2 + y2). (1.11)
You may provide a definition with
\DeclareUnicodeCharacter 


! Package inputenc Error: Unicode character − (U+2212)
(inputenc)                not set up for use with LaTeX.

See the inputenc package documentation for explanation.
Type  H <return>  for immediate help.
 ...                                              
                                                  
l.158 ˙y =  x + μy −
                           y(x2 + y2). (1.11)
You may provide a definition with
\DeclareUnicodeCharacter 

[2]

! Package inputenc Error: Unicode character μ (U+03BC)
(inputenc)                not set up for use with LaTeX.

See the inputenc package documentation for explanation.
Type  H <return>  for immediate help.
 ...                                              
                                                  
l.160 ... that the origin is a stable focus for μ
                                                   < 0, an unstable focus
You may provide a definition with
\DeclareUnicodeCharacter 


! Package inputenc Error: Unicode character μ (U+03BC)
(inputenc)                not set up for use with LaTeX.

See the inputenc package documentation for explanation.
Type  H <return>  for immediate help.
 ...                                              
                                                  
l.161 for μ
             > 0 and that for μ > 0 a stable periodic solution exists, whos...

You may provide a definition with
\DeclareUnicodeCharacter 


! Package inputenc Error: Unicode character μ (U+03BC)
(inputenc)                not set up for use with LaTeX.

See the inputenc package documentation for explanation.
Type  H <return>  for immediate help.
 ...                                              
                                                  
l.161 for μ > 0 and that for μ
                                 > 0 a stable periodic solution exists, whos...

You may provide a definition with
\DeclareUnicodeCharacter 


! Package inputenc Error: Unicode character √ (U+221A)
(inputenc)                not set up for use with LaTeX.

See the inputenc package documentation for explanation.
Type  H <return>  for immediate help.
 ...                                              
                                                  
l.163 √
         
You may provide a definition with
\DeclareUnicodeCharacter 


! Package inputenc Error: Unicode character μ (U+03BC)
(inputenc)                not set up for use with LaTeX.

See the inputenc package documentation for explanation.
Type  H <return>  for immediate help.
 ...                                              
                                                  
l.164 μ
        ) (and in fact equals
You may provide a definition with
\DeclareUnicodeCharacter 


! Package inputenc Error: Unicode character √ (U+221A)
(inputenc)                not set up for use with LaTeX.

See the inputenc package documentation for explanation.
Type  H <return>  for immediate help.
 ...                                              
                                                  
l.165 √
         
You may provide a definition with
\DeclareUnicodeCharacter 


! Package inputenc Error: Unicode character μ (U+03BC)
(inputenc)                not set up for use with LaTeX.

See the inputenc package documentation for explanation.
Type  H <return>  for immediate help.
 ...                                              
                                                  
l.166 μ
        ).
You may provide a definition with
\DeclareUnicodeCharacter 


! Package inputenc Error: Unicode character ∝ (U+221D)
(inputenc)                not set up for use with LaTeX.

See the inputenc package documentation for explanation.
Type  H <return>  for immediate help.
 ...                                              
                                                  
l.168 linearised system has solutions ∝
                                          eσt , then a pair of complex conj...

You may provide a definition with
\DeclareUnicodeCharacter 


! Package inputenc Error: Unicode character σ (U+03C3)
(inputenc)                not set up for use with LaTeX.

See the inputenc package documentation for explanation.
Type  H <return>  for immediate help.
 ...                                              
                                                  
l.168 linearised system has solutions ∝ eσ
                                             t , then a pair of complex conj...

You may provide a definition with
\DeclareUnicodeCharacter 


! Package inputenc Error: Unicode character σ (U+03C3)
(inputenc)                not set up for use with LaTeX.

See the inputenc package documentation for explanation.
Type  H <return>  for immediate help.
 ...                                              
                                                  
l.169 σ
         = μ °æ i  of the fixed point cross the imaginary axis at μ = ...

You may provide a definition with
\DeclareUnicodeCharacter 


! Package inputenc Error: Unicode character μ (U+03BC)
(inputenc)                not set up for use with LaTeX.

See the inputenc package documentation for explanation.
Type  H <return>  for immediate help.
 ...                                              
                                                  
l.169 σ = μ
              °æ i  of the fixed point cross the imaginary axis at μ = ...

You may provide a definition with
\DeclareUnicodeCharacter 


! Package inputenc Error: Unicode character   (U+2000)
(inputenc)                not set up for use with LaTeX.

See the inputenc package documentation for explanation.
Type  H <return>  for immediate help.
 ...                                              
                                                  
l.169 σ = μ °æ i 
                        of the fixed point cross the imaginary axis at μ = ...

You may provide a definition with
\DeclareUnicodeCharacter 


! Package inputenc Error: Unicode character μ (U+03BC)
(inputenc)                not set up for use with LaTeX.

See the inputenc package documentation for explanation.
Type  H <return>  for immediate help.
 ...                                              
                                                  
l.169 ...ixed point cross the imaginary axis at μ
                                                   = 0, at a non-zero ‘rat...

You may provide a definition with
\DeclareUnicodeCharacter 


! Package inputenc Error: Unicode character σ (U+03C3)
(inputenc)                not set up for use with LaTeX.

See the inputenc package documentation for explanation.
Type  H <return>  for immediate help.
 ...                                              
                                                  
l.170 (d[Re σ
              ]/dμ  = 0), and as a result, a limit cycle exists in μ > 0...

You may provide a definition with
\DeclareUnicodeCharacter 


! Package inputenc Error: Unicode character μ (U+03BC)
(inputenc)                not set up for use with LaTeX.

See the inputenc package documentation for explanation.
Type  H <return>  for immediate help.
 ...                                              
                                                  
l.170 (d[Re σ]/dμ
                     = 0), and as a result, a limit cycle exists in μ > 0...

You may provide a definition with
\DeclareUnicodeCharacter 


! Package inputenc Error: Unicode character   (U+2000)
(inputenc)                not set up for use with LaTeX.

See the inputenc package documentation for explanation.
Type  H <return>  for immediate help.
 ...                                              
                                                  
l.170 (d[Re σ]/dμ  
                       = 0), and as a result, a limit cycle exists in μ > 0...

You may provide a definition with
\DeclareUnicodeCharacter 


! Package inputenc Error: Unicode character μ (U+03BC)
(inputenc)                not set up for use with LaTeX.

See the inputenc package documentation for explanation.
Type  H <return>  for immediate help.
 ...                                              
                                                  
l.170 ...d as a result, a limit cycle exists in μ
                                                   > 0. This is known as
You may provide a definition with
\DeclareUnicodeCharacter 


! Package inputenc Error: Unicode character μ (U+03BC)
(inputenc)                not set up for use with LaTeX.

See the inputenc package documentation for explanation.
Type  H <return>  for immediate help.
 ...                                              
                                                  
l.172 the limit cycle exists (for small μ
                                          ) in either μ > 0 or μ < 0, so t...

You may provide a definition with
\DeclareUnicodeCharacter 


! Package inputenc Error: Unicode character μ (U+03BC)
(inputenc)                not set up for use with LaTeX.

See the inputenc package documentation for explanation.
Type  H <return>  for immediate help.
 ...                                              
                                                  
l.172 ... cycle exists (for small μ) in either μ
                                                   > 0 or μ < 0, so that it...

You may provide a definition with
\DeclareUnicodeCharacter 


! Package inputenc Error: Unicode character μ (U+03BC)
(inputenc)                not set up for use with LaTeX.

See the inputenc package documentation for explanation.
Type  H <return>  for immediate help.
 ...                                              
                                                  
l.172 ...sts (for small μ) in either μ > 0 or μ
                                                   < 0, so that its stabilit...

You may provide a definition with
\DeclareUnicodeCharacter 


! Package inputenc Error: Unicode character √ (U+221A)
(inputenc)                not set up for use with LaTeX.

See the inputenc package documentation for explanation.
Type  H <return>  for immediate help.
 ...                                              
                                                  
l.175 √
         
You may provide a definition with
\DeclareUnicodeCharacter 


! Package inputenc Error: Unicode character μ (U+03BC)
(inputenc)                not set up for use with LaTeX.

See the inputenc package documentation for explanation.
Type  H <return>  for immediate help.
 ...                                              
                                                  
l.176 μ
        ). All these features are generally true.
You may provide a definition with
\DeclareUnicodeCharacter 


! Package inputenc Error: Unicode character − (U+2212)
(inputenc)                not set up for use with LaTeX.

See the inputenc package documentation for explanation.
Type  H <return>  for immediate help.
 ...                                              
                                                  
l.181 | f (x) −
                  f (y)| < K|x − y| for some K), then x exists locally (in...

You may provide a definition with
\DeclareUnicodeCharacter 


! Package inputenc Error: Unicode character − (U+2212)
(inputenc)                not set up for use with LaTeX.

See the inputenc package documentation for explanation.
Type  H <return>  for immediate help.
 ...                                              
                                                  
l.181 | f (x) − f (y)| < K|x −
                                   y| for some K), then x exists locally (in...

You may provide a definition with
\DeclareUnicodeCharacter 


! Package inputenc Error: Unicode character   (U+2000)
(inputenc)                not set up for use with LaTeX.

See the inputenc package documentation for explanation.
Type  H <return>  for immediate help.
 ...                                              
                                                  
l.182  
         
You may provide a definition with
\DeclareUnicodeCharacter 


! Package inputenc Error: Unicode character ∈ (U+2208)
(inputenc)                not set up for use with LaTeX.

See the inputenc package documentation for explanation.
Type  H <return>  for immediate help.
 ...                                              
                                                  
l.183 Here, in fact, we can take x ∈
                                       Rn, provided a suitable norm is chose...

You may provide a definition with
\DeclareUnicodeCharacter 


! Package inputenc Error: Unicode character ∈ (U+2208)
(inputenc)                not set up for use with LaTeX.

See the inputenc package documentation for explanation.
Type  H <return>  for immediate help.
 ...                                              
                                                  
l.184 ...a sufficient condition on f is that f ∈
                                                   C1 (i.e. f is continuously
You may provide a definition with
\DeclareUnicodeCharacter 


! Package inputenc Error: Unicode character − (U+2212)
(inputenc)                not set up for use with LaTeX.

See the inputenc package documentation for explanation.
Type  H <return>  for immediate help.
 ...                                              
                                                  
l.188 [t −
             t0]2
You may provide a definition with
\DeclareUnicodeCharacter 


! Package inputenc Error: Unicode character ≥ (U+2265)
(inputenc)                not set up for use with LaTeX.

See the inputenc package documentation for explanation.
Type  H <return>  for immediate help.
 ...                                              
                                                  
l.189 +, where t0 ≥
                      0.2
You may provide a definition with
\DeclareUnicodeCharacter 


! Package inputenc Error: Unicode character ∈ (U+2208)
(inputenc)                not set up for use with LaTeX.

See the inputenc package documentation for explanation.
Type  H <return>  for immediate help.
 ...                                              
                                                  
l.202 ˙ x = f (x), x ∈
                          Rn, (1.12)
You may provide a definition with
\DeclareUnicodeCharacter 


! Package inputenc Error: Unicode character ∇ (U+2207)
(inputenc)                not set up for use with LaTeX.

See the inputenc package documentation for explanation.
Type  H <return>  for immediate help.
 ...                                              
                                                  
l.203 dissipative if ∇
                        . f < 0; the Lorenz equations are an example of a di...

You may provide a definition with
\DeclareUnicodeCharacter 


! Package inputenc Error: Unicode character ∇ (U+2207)
(inputenc)                not set up for use with LaTeX.

See the inputenc package documentation for explanation.
Type  H <return>  for immediate help.
 ...                                              
                                                  
l.207 = V∇
            . f. (1.13)
You may provide a definition with
\DeclareUnicodeCharacter 


! Package inputenc Error: Unicode character ∇ (U+2207)
(inputenc)                not set up for use with LaTeX.

See the inputenc package documentation for explanation.
Type  H <return>  for immediate help.
 ...                                              
                                                  
l.208 Therefore if ∇
                      . f < 0 (and is bounded away from zero), then V →0 a...

You may provide a definition with
\DeclareUnicodeCharacter 


! Package inputenc Error: Unicode character ∞ (U+221E)
(inputenc)                not set up for use with LaTeX.

See the inputenc package documentation for explanation.
Type  H <return>  for immediate help.
 ...                                              
                                                  
l.208 ... away from zero), then V →0 as t →∞
                                                  . If,
You may provide a definition with
\DeclareUnicodeCharacter 

[3] [4]

! Package inputenc Error: Unicode character ε (U+03B5)
(inputenc)                not set up for use with LaTeX.

See the inputenc package documentation for explanation.
Type  H <return>  for immediate help.
 ...                                              
                                                  
l.287 ...entations for small perturbations of O(ε
                                                  ), say, for t < T . That
You may provide a definition with
\DeclareUnicodeCharacter 


! Package inputenc Error: Unicode character ε (U+03B5)
(inputenc)                not set up for use with LaTeX.

See the inputenc package documentation for explanation.
Type  H <return>  for immediate help.
 ...                                              
                                                  
l.288 ...ly compute trajectories for fixed T as ε
                                                   → 0. But the reality is
You may provide a definition with
\DeclareUnicodeCharacter 


! Package inputenc Error: Unicode character ε (U+03B5)
(inputenc)                not set up for use with LaTeX.

See the inputenc package documentation for explanation.
Type  H <return>  for immediate help.
 ...                                              
                                                  
l.289 that ε
              is small but finite, and one really wants to study the limit T...

You may provide a definition with
\DeclareUnicodeCharacter 


! Package inputenc Error: Unicode character ∞ (U+221E)
(inputenc)                not set up for use with LaTeX.

See the inputenc package documentation for explanation.
Type  H <return>  for immediate help.
 ...                                              
                                                  
l.289 ... really wants to study the limit T →∞
                                                  . The series
You may provide a definition with
\DeclareUnicodeCharacter 


! Package inputenc Error: Unicode character ε (U+03B5)
(inputenc)                not set up for use with LaTeX.

See the inputenc package documentation for explanation.
Type  H <return>  for immediate help.
 ...                                              
                                                  
l.306 in ε
            (if H − H0 ∼ ε) were divergent, and he also knew that such ...

You may provide a definition with
\DeclareUnicodeCharacter 


! Package inputenc Error: Unicode character − (U+2212)
(inputenc)                not set up for use with LaTeX.

See the inputenc package documentation for explanation.
Type  H <return>  for immediate help.
 ...                                              
                                                  
l.306 in ε (if H −
                      H0 ∼ ε) were divergent, and he also knew that such ...

You may provide a definition with
\DeclareUnicodeCharacter 


! Package inputenc Error: Unicode character ∼ (U+223C)
(inputenc)                not set up for use with LaTeX.

See the inputenc package documentation for explanation.
Type  H <return>  for immediate help.
 ...                                              
                                                  
l.306 in ε (if H − H0 ∼
                             ε) were divergent, and he also knew that such ...

You may provide a definition with
\DeclareUnicodeCharacter 


! Package inputenc Error: Unicode character ε (U+03B5)
(inputenc)                not set up for use with LaTeX.

See the inputenc package documentation for explanation.
Type  H <return>  for immediate help.
 ...                                              
                                                  
l.306 in ε (if H − H0 ∼ ε
                               ) were divergent, and he also knew that such ...

You may provide a definition with
\DeclareUnicodeCharacter 

[5]

! Package inputenc Error: Unicode character ε (U+03B5)
(inputenc)                not set up for use with LaTeX.

See the inputenc package documentation for explanation.
Type  H <return>  for immediate help.
 ...                                              
                                                  
l.335 1 + ε
            . The solutions, et and eεt et diverge, so that at time t = O(1...

You may provide a definition with
\DeclareUnicodeCharacter 


! Package inputenc Error: Unicode character ε (U+03B5)
(inputenc)                not set up for use with LaTeX.

See the inputenc package documentation for explanation.
Type  H <return>  for immediate help.
 ...                                              
                                                  
l.335 1 + ε. The solutions, et and eε
                                       t et diverge, so that at time t = O(1...

You may provide a definition with
\DeclareUnicodeCharacter 


! Package inputenc Error: Unicode character ε (U+03B5)
(inputenc)                not set up for use with LaTeX.

See the inputenc package documentation for explanation.
Type  H <return>  for immediate help.
 ...                                              
                                                  
l.335 ...�t et diverge, so that at time t = O(1/ε
                                                  ), the ratio is
You may provide a definition with
\DeclareUnicodeCharacter 


! Package inputenc Error: Unicode character ε (U+03B5)
(inputenc)                not set up for use with LaTeX.

See the inputenc package documentation for explanation.
Type  H <return>  for immediate help.
 ...                                              
                                                  
l.337 the initial conditions x = 0 or x = ε
                                            . Lorenz wished to show that a �...

You may provide a definition with
\DeclareUnicodeCharacter 


! Package inputenc Error: Unicode character − (U+2212)
(inputenc)                not set up for use with LaTeX.

See the inputenc package documentation for explanation.
Type  H <return>  for immediate help.
 ...                                              
                                                  
l.345 ˙ x = −
                σ x + σ y,
You may provide a definition with
\DeclareUnicodeCharacter 


! Package inputenc Error: Unicode character σ (U+03C3)
(inputenc)                not set up for use with LaTeX.

See the inputenc package documentation for explanation.
Type  H <return>  for immediate help.
 ...                                              
                                                  
l.345 ˙ x = −σ
                   x + σ y,
You may provide a definition with
\DeclareUnicodeCharacter 


! Package inputenc Error: Unicode character σ (U+03C3)
(inputenc)                not set up for use with LaTeX.

See the inputenc package documentation for explanation.
Type  H <return>  for immediate help.
 ...                                              
                                                  
l.345 ˙ x = −σ x + σ
                          y,
You may provide a definition with
\DeclareUnicodeCharacter 


! Package inputenc Error: Unicode character − (U+2212)
(inputenc)                not set up for use with LaTeX.

See the inputenc package documentation for explanation.
Type  H <return>  for immediate help.
 ...                                              
                                                  
l.346 ˙y = (r −
                   z)x − y,
You may provide a definition with
\DeclareUnicodeCharacter 


! Package inputenc Error: Unicode character − (U+2212)
(inputenc)                not set up for use with LaTeX.

See the inputenc package documentation for explanation.
Type  H <return>  for immediate help.
 ...                                              
                                                  
l.346 ˙y = (r − z)x −
                           y,
You may provide a definition with
\DeclareUnicodeCharacter 


! Package inputenc Error: Unicode character − (U+2212)
(inputenc)                not set up for use with LaTeX.

See the inputenc package documentation for explanation.
Type  H <return>  for immediate help.
 ...                                              
                                                  
l.347 ˙z = xy −
                   bz. (1.14)
You may provide a definition with
\DeclareUnicodeCharacter 


! Package inputenc Error: Unicode character σ (U+03C3)
(inputenc)                not set up for use with LaTeX.

See the inputenc package documentation for explanation.
Type  H <return>  for immediate help.
 ...                                              
                                                  
l.348 The three parameters r, σ
                                , b are all positive; r represents external ...

You may provide a definition with
\DeclareUnicodeCharacter 


! Package inputenc Error: Unicode character − (U+2212)
(inputenc)                not set up for use with LaTeX.

See the inputenc package documentation for explanation.
Type  H <return>  for immediate help.
 ...                                              
                                                  
l.354 ...side of (1.14) (taken as a vector) is −
                                                  (σ + b + 1) < 0,
You may provide a definition with
\DeclareUnicodeCharacter 


! Package inputenc Error: Unicode character σ (U+03C3)
(inputenc)                not set up for use with LaTeX.

See the inputenc package documentation for explanation.
Type  H <return>  for immediate help.
 ...                                              
                                                  
l.354 ...e of (1.14) (taken as a vector) is −(σ
                                                   + b + 1) < 0,
You may provide a definition with
\DeclareUnicodeCharacter 

[6]

! Package inputenc Error: Unicode character   (U+2000)
(inputenc)                not set up for use with LaTeX.

See the inputenc package documentation for explanation.
Type  H <return>  for immediate help.
 ...                                              
                                                  
l.370  
         
You may provide a definition with
\DeclareUnicodeCharacter 


! Package inputenc Error: Unicode character − (U+2212)
(inputenc)                not set up for use with LaTeX.

See the inputenc package documentation for explanation.
Type  H <return>  for immediate help.
 ...                                              
                                                  
l.373 2 −
            2Mn, Mn > 1
You may provide a definition with
\DeclareUnicodeCharacter 


! Package inputenc Error: Unicode character − (U+2212)
(inputenc)                not set up for use with LaTeX.

See the inputenc package documentation for explanation.
Type  H <return>  for immediate help.
 ...                                              
                                                  
l.383 2 ). Then Mp−
                     1 = 1
You may provide a definition with
\DeclareUnicodeCharacter 


! Package inputenc Error: Unicode character ∞ (U+221E)
(inputenc)                not set up for use with LaTeX.

See the inputenc package documentation for explanation.
Type  H <return>  for immediate help.
 ...                                              
                                                  
l.385 ...c to 0 (that is, Mi → 0 as i →°æ∞
                                                  ); such
You may provide a definition with
\DeclareUnicodeCharacter 


! Package inputenc Error: Unicode character   (U+2000)
(inputenc)                not set up for use with LaTeX.

See the inputenc package documentation for explanation.
Type  H <return>  for immediate help.
 ...                                              
                                                  
l.394 ... is easy to see from (1.16) that Mn+k  
                                                  = Mn for all
You may provide a definition with
\DeclareUnicodeCharacter 


! Package inputenc Error: Unicode character   (U+2000)
(inputenc)                not set up for use with LaTeX.

See the inputenc package documentation for explanation.
Type  H <return>  for immediate help.
 ...                                              
                                                  
l.398 Furthermore, if M 
                          
You may provide a definition with
\DeclareUnicodeCharacter 


! Package inputenc Error: Unicode character ε (U+03B5)
(inputenc)                not set up for use with LaTeX.

See the inputenc package documentation for explanation.
Type  H <return>  for immediate help.
 ...                                              
                                                  
l.400 = M0 + ε
               , ε  1, then for sufficiently small ε and given k,
You may provide a definition with
\DeclareUnicodeCharacter 


! Package inputenc Error: Unicode character ε (U+03B5)
(inputenc)                not set up for use with LaTeX.

See the inputenc package documentation for explanation.
Type  H <return>  for immediate help.
 ...                                              
                                                  
l.400 = M0 + ε, ε
                     1, then for sufficiently small ε and given k,
You may provide a definition with
\DeclareUnicodeCharacter 


! Package inputenc Error: Unicode character ε (U+03B5)
(inputenc)                not set up for use with LaTeX.

See the inputenc package documentation for explanation.
Type  H <return>  for immediate help.
 ...                                              
                                                  
l.400 ...ε, ε  1, then for sufficiently small ε
                                                   and given k,
You may provide a definition with
\DeclareUnicodeCharacter 


! Package inputenc Error: Unicode character   (U+2000)
(inputenc)                not set up for use with LaTeX.

See the inputenc package documentation for explanation.
Type  H <return>  for immediate help.
 ...                                              
                                                  
l.401 M 
          
You may provide a definition with
\DeclareUnicodeCharacter 


! Package inputenc Error: Unicode character   (U+2000)
(inputenc)                not set up for use with LaTeX.

See the inputenc package documentation for explanation.
Type  H <return>  for immediate help.
 ...                                              
                                                  
l.403 = Mk °æ 2k  
                      . (1.17)
You may provide a definition with
\DeclareUnicodeCharacter 


! Package inputenc Error: Unicode character   (U+2000)
(inputenc)                not set up for use with LaTeX.

See the inputenc package documentation for explanation.
Type  H <return>  for immediate help.
 ...                                              
                                                  
l.406 ... how close two initial values M0 and M 
                                                  
You may provide a definition with
\DeclareUnicodeCharacter 


! Package inputenc Error: Unicode character − (U+2212)
(inputenc)                not set up for use with LaTeX.

See the inputenc package documentation for explanation.
Type  H <return>  for immediate help.
 ...                                              
                                                  
l.418 Mn = .anan+1an+2 . . . or 1 −
                                      .anan+1an+2 . . . . (1.18)
You may provide a definition with
\DeclareUnicodeCharacter 


! Package inputenc Error: Unicode character ∈ (U+2208)
(inputenc)                not set up for use with LaTeX.

See the inputenc package documentation for explanation.
Type  H <return>  for immediate help.
 ...                                              
                                                  
l.419 Let s ∈
                (0, 1) have binary expansion s = .s1s2s3 . . . , then if ˜s...

You may provide a definition with
\DeclareUnicodeCharacter 


! Package inputenc Error: Unicode character − (U+2212)
(inputenc)                not set up for use with LaTeX.

See the inputenc package documentation for explanation.
Type  H <return>  for immediate help.
 ...                                              
                                                  
l.420 we have |s −
                     ˜s| < 2−k . Suppose also ˜t = 1 − ˜s = .t1t2 . ....

You may provide a definition with
\DeclareUnicodeCharacter 


! Package inputenc Error: Unicode character − (U+2212)
(inputenc)                not set up for use with LaTeX.

See the inputenc package documentation for explanation.
Type  H <return>  for immediate help.
 ...                                              
                                                  
l.420 we have |s − ˜s| < 2−
                                k . Suppose also ˜t = 1 − ˜s = .t1t2 . ....

You may provide a definition with
\DeclareUnicodeCharacter 


! Package inputenc Error: Unicode character − (U+2212)
(inputenc)                not set up for use with LaTeX.

See the inputenc package documentation for explanation.
Type  H <return>  for immediate help.
 ...                                              
                                                  
l.420 ...� ˜s| < 2−k . Suppose also ˜t = 1 −
                                                   ˜s = .t1t2 . . . tk . Th...

You may provide a definition with
\DeclareUnicodeCharacter 


! Package inputenc Error: Unicode character − (U+2212)
(inputenc)                not set up for use with LaTeX.

See the inputenc package documentation for explanation.
Type  H <return>  for immediate help.
 ...                                              
                                                  
l.421 ... that some iterate of M0 lies within 2−
                                                  k of s. By
You may provide a definition with
\DeclareUnicodeCharacter 

[7] [8] [9]

! Package inputenc Error: Unicode character   (U+2000)
(inputenc)                not set up for use with LaTeX.

See the inputenc package documentation for explanation.
Type  H <return>  for immediate help.
 ...                                              
                                                  
l.539  
         
You may provide a definition with
\DeclareUnicodeCharacter 


! Package inputenc Error: Unicode character   (U+2000)
(inputenc)                not set up for use with LaTeX.

See the inputenc package documentation for explanation.
Type  H <return>  for immediate help.
 ...                                              
                                                  
l.542  
         
You may provide a definition with
\DeclareUnicodeCharacter 


! Package inputenc Error: Unicode character − (U+2212)
(inputenc)                not set up for use with LaTeX.

See the inputenc package documentation for explanation.
Type  H <return>  for immediate help.
 ...                                              
                                                  
l.548 ˙ x = −
                σ x + σ y,
You may provide a definition with
\DeclareUnicodeCharacter 


! Package inputenc Error: Unicode character σ (U+03C3)
(inputenc)                not set up for use with LaTeX.

See the inputenc package documentation for explanation.
Type  H <return>  for immediate help.
 ...                                              
                                                  
l.548 ˙ x = −σ
                   x + σ y,
You may provide a definition with
\DeclareUnicodeCharacter 


! Package inputenc Error: Unicode character σ (U+03C3)
(inputenc)                not set up for use with LaTeX.

See the inputenc package documentation for explanation.
Type  H <return>  for immediate help.
 ...                                              
                                                  
l.548 ˙ x = −σ x + σ
                          y,
You may provide a definition with
\DeclareUnicodeCharacter 


! Package inputenc Error: Unicode character − (U+2212)
(inputenc)                not set up for use with LaTeX.

See the inputenc package documentation for explanation.
Type  H <return>  for immediate help.
 ...                                              
                                                  
l.549 ˙y = (r −
                   z)x − y,
You may provide a definition with
\DeclareUnicodeCharacter 


! Package inputenc Error: Unicode character − (U+2212)
(inputenc)                not set up for use with LaTeX.

See the inputenc package documentation for explanation.
Type  H <return>  for immediate help.
 ...                                              
                                                  
l.549 ˙y = (r − z)x −
                           y,
You may provide a definition with
\DeclareUnicodeCharacter 


! Package inputenc Error: Unicode character − (U+2212)
(inputenc)                not set up for use with LaTeX.

See the inputenc package documentation for explanation.
Type  H <return>  for immediate help.
 ...                                              
                                                  
l.550 ˙z = xy −
                   bz,
You may provide a definition with
\DeclareUnicodeCharacter 


! Package inputenc Error: Unicode character σ (U+03C3)
(inputenc)                not set up for use with LaTeX.

See the inputenc package documentation for explanation.
Type  H <return>  for immediate help.
 ...                                              
                                                  
l.551 where r, σ
                 , b > 0. Show that the origin is a stable equilibrium point...

You may provide a definition with
\DeclareUnicodeCharacter 


! Package inputenc Error: Unicode character √ (U+221A)
(inputenc)                not set up for use with LaTeX.

See the inputenc package documentation for explanation.
Type  H <return>  for immediate help.
 ...                                              
                                                  
l.555 √
         
You may provide a definition with
\DeclareUnicodeCharacter 


! Package inputenc Error: Unicode character − (U+2212)
(inputenc)                not set up for use with LaTeX.

See the inputenc package documentation for explanation.
Type  H <return>  for immediate help.
 ...                                              
                                                  
l.556 b(r −
              1), z = r − 1, and show that the eigenvalues λ of the Jacob...

You may provide a definition with
\DeclareUnicodeCharacter 


! Package inputenc Error: Unicode character − (U+2212)
(inputenc)                not set up for use with LaTeX.

See the inputenc package documentation for explanation.
Type  H <return>  for immediate help.
 ...                                              
                                                  
l.556 b(r − 1), z = r −
                            1, and show that the eigenvalues λ of the Jacob...

You may provide a definition with
\DeclareUnicodeCharacter 


! Package inputenc Error: Unicode character λ (U+03BB)
(inputenc)                not set up for use with LaTeX.

See the inputenc package documentation for explanation.
Type  H <return>  for immediate help.
 ...                                              
                                                  
l.556 ...r − 1, and show that the eigenvalues λ
                                                   of the Jacobian of
You may provide a definition with
\DeclareUnicodeCharacter 


! Package inputenc Error: Unicode character λ (U+03BB)
(inputenc)                not set up for use with LaTeX.

See the inputenc package documentation for explanation.
Type  H <return>  for immediate help.
 ...                                              
                                                  
l.558 p(λ
          , r ) ≡ λ3 + (σ + b + 1)λ2 + b(σ + r)λ + 2bσ(r − 1) = 0.
You may provide a definition with
\DeclareUnicodeCharacter 


! Package inputenc Error: Unicode character ≡ (U+2261)
(inputenc)                not set up for use with LaTeX.

See the inputenc package documentation for explanation.
Type  H <return>  for immediate help.
 ...                                              
                                                  
l.558 p(λ, r ) ≡
                    λ3 + (σ + b + 1)λ2 + b(σ + r)λ + 2bσ(r − 1) = 0.
You may provide a definition with
\DeclareUnicodeCharacter 


! Package inputenc Error: Unicode character λ (U+03BB)
(inputenc)                not set up for use with LaTeX.

See the inputenc package documentation for explanation.
Type  H <return>  for immediate help.
 ...                                              
                                                  
l.558 p(λ, r ) ≡ λ
                      3 + (σ + b + 1)λ2 + b(σ + r)λ + 2bσ(r − 1) = 0.
You may provide a definition with
\DeclareUnicodeCharacter 


! Package inputenc Error: Unicode character σ (U+03C3)
(inputenc)                not set up for use with LaTeX.

See the inputenc package documentation for explanation.
Type  H <return>  for immediate help.
 ...                                              
                                                  
l.558 p(λ, r ) ≡ λ3 + (σ
                              + b + 1)λ2 + b(σ + r)λ + 2bσ(r − 1) = 0.
You may provide a definition with
\DeclareUnicodeCharacter 


! Package inputenc Error: Unicode character λ (U+03BB)
(inputenc)                not set up for use with LaTeX.

See the inputenc package documentation for explanation.
Type  H <return>  for immediate help.
 ...                                              
                                                  
l.558 p(λ, r ) ≡ λ3 + (σ + b + 1)λ
                                        2 + b(σ + r)λ + 2bσ(r − 1) = 0.
You may provide a definition with
\DeclareUnicodeCharacter 


! Package inputenc Error: Unicode character σ (U+03C3)
(inputenc)                not set up for use with LaTeX.

See the inputenc package documentation for explanation.
Type  H <return>  for immediate help.
 ...                                              
                                                  
l.558 p(λ, r ) ≡ λ3 + (σ + b + 1)λ2 + b(σ
                                                 + r)λ + 2bσ(r − 1) = 0.
You may provide a definition with
\DeclareUnicodeCharacter 


! Package inputenc Error: Unicode character λ (U+03BB)
(inputenc)                not set up for use with LaTeX.

See the inputenc package documentation for explanation.
Type  H <return>  for immediate help.
 ...                                              
                                                  
l.558 ...) ≡ λ3 + (σ + b + 1)λ2 + b(σ + r)λ
                                                   + 2bσ(r − 1) = 0.
You may provide a definition with
\DeclareUnicodeCharacter 


! Package inputenc Error: Unicode character σ (U+03C3)
(inputenc)                not set up for use with LaTeX.

See the inputenc package documentation for explanation.
Type  H <return>  for immediate help.
 ...                                              
                                                  
l.558 ...�3 + (σ + b + 1)λ2 + b(σ + r)λ + 2bσ
                                                  (r − 1) = 0.
You may provide a definition with
\DeclareUnicodeCharacter 


! Package inputenc Error: Unicode character − (U+2212)
(inputenc)                not set up for use with LaTeX.

See the inputenc package documentation for explanation.
Type  H <return>  for immediate help.
 ...                                              
                                                  
l.558 ...σ + b + 1)λ2 + b(σ + r)λ + 2bσ(r −
                                                   1) = 0.
You may provide a definition with
\DeclareUnicodeCharacter 


! Package inputenc Error: Unicode character λ (U+03BB)
(inputenc)                not set up for use with LaTeX.

See the inputenc package documentation for explanation.
Type  H <return>  for immediate help.
 ...                                              
                                                  
l.560 ... of p which is negative, and show that λ
                                                   = 0 is never a root for r...

You may provide a definition with
\DeclareUnicodeCharacter 


! Package inputenc Error: Unicode character ≈ (U+2248)
(inputenc)                not set up for use with LaTeX.

See the inputenc package documentation for explanation.
Type  H <return>  for immediate help.
 ...                                              
                                                  
l.562 this is also the case if r ≈
                                     1. [Hint: as r varies, the roots λ(r )...

You may provide a definition with
\DeclareUnicodeCharacter 


! Package inputenc Error: Unicode character λ (U+03BB)
(inputenc)                not set up for use with LaTeX.

See the inputenc package documentation for explanation.
Type  H <return>  for immediate help.
 ...                                              
                                                  
l.562 ...r ≈ 1. [Hint: as r varies, the roots λ
                                                  (r ) of p = 0 vary
You may provide a definition with
\DeclareUnicodeCharacter 


! Package inputenc Error: Unicode character   (U+2000)
(inputenc)                not set up for use with LaTeX.

See the inputenc package documentation for explanation.
Type  H <return>  for immediate help.
 ...                                              
                                                  
l.565 °æi 
               only if r = rc, where
You may provide a definition with
\DeclareUnicodeCharacter 


! Package inputenc Error: Unicode character σ (U+03C3)
(inputenc)                not set up for use with LaTeX.

See the inputenc package documentation for explanation.
Type  H <return>  for immediate help.
 ...                                              
                                                  
l.566 rc = σ
             (σ + b + 3)
You may provide a definition with
\DeclareUnicodeCharacter 


! Package inputenc Error: Unicode character σ (U+03C3)
(inputenc)                not set up for use with LaTeX.

See the inputenc package documentation for explanation.
Type  H <return>  for immediate help.
 ...                                              
                                                  
l.566 rc = σ(σ
                 + b + 3)
You may provide a definition with
\DeclareUnicodeCharacter 


! Package inputenc Error: Unicode character σ (U+03C3)
(inputenc)                not set up for use with LaTeX.

See the inputenc package documentation for explanation.
Type  H <return>  for immediate help.
 ...                                              
                                                  
l.567 σ
         − b − 1
You may provide a definition with
\DeclareUnicodeCharacter 


! Package inputenc Error: Unicode character − (U+2212)
(inputenc)                not set up for use with LaTeX.

See the inputenc package documentation for explanation.
Type  H <return>  for immediate help.
 ...                                              
                                                  
l.567 σ −
             b − 1
You may provide a definition with
\DeclareUnicodeCharacter 


! Package inputenc Error: Unicode character − (U+2212)
(inputenc)                not set up for use with LaTeX.

See the inputenc package documentation for explanation.
Type  H <return>  for immediate help.
 ...                                              
                                                  
l.567 σ − b −
                   1
You may provide a definition with
\DeclareUnicodeCharacter 


! Package inputenc Error: Unicode character ∈ (U+2208)
(inputenc)                not set up for use with LaTeX.

See the inputenc package documentation for explanation.
Type  H <return>  for immediate help.
 ...                                              
                                                  
l.571 1.3 If x ∈
                   R satisfies ˙ x = f (x,μ), with
You may provide a definition with
\DeclareUnicodeCharacter 


! Package inputenc Error: Unicode character μ (U+03BC)
(inputenc)                not set up for use with LaTeX.

See the inputenc package documentation for explanation.
Type  H <return>  for immediate help.
 ...                                              
                                                  
l.571 1.3 If x ∈ R satisfies ˙ x = f (x,μ
                                             ), with
You may provide a definition with
\DeclareUnicodeCharacter 


! Package inputenc Error: Unicode character μ (U+03BC)
(inputenc)                not set up for use with LaTeX.

See the inputenc package documentation for explanation.
Type  H <return>  for immediate help.
 ...                                              
                                                  
l.575 of these terms when x and μ
                                   are small, show that
You may provide a definition with
\DeclareUnicodeCharacter 


! Package inputenc Error: Unicode character μ (U+03BC)
(inputenc)                not set up for use with LaTeX.

See the inputenc package documentation for explanation.
Type  H <return>  for immediate help.
 ...                                              
                                                  
l.576 (i) if fμ
                  = 0, then approximately
You may provide a definition with
\DeclareUnicodeCharacter 


! Package inputenc Error: Unicode character   (U+2000)
(inputenc)                not set up for use with LaTeX.

See the inputenc package documentation for explanation.
Type  H <return>  for immediate help.
 ...                                              
                                                  
l.576 (i) if fμ  
                    = 0, then approximately
You may provide a definition with
\DeclareUnicodeCharacter 


! Package inputenc Error: Unicode character μ (U+03BC)
(inputenc)                not set up for use with LaTeX.

See the inputenc package documentation for explanation.
Type  H <return>  for immediate help.
 ...                                              
                                                  
l.577 ˙ x = μ
               fμ + 1
You may provide a definition with
\DeclareUnicodeCharacter 


! Package inputenc Error: Unicode character μ (U+03BC)
(inputenc)                not set up for use with LaTeX.

See the inputenc package documentation for explanation.
Type  H <return>  for immediate help.
 ...                                              
                                                  
l.577 ˙ x = μfμ
                   + 1
You may provide a definition with
\DeclareUnicodeCharacter 


! Package inputenc Error: Unicode character μ (U+03BC)
(inputenc)                not set up for use with LaTeX.

See the inputenc package documentation for explanation.
Type  H <return>  for immediate help.
 ...                                              
                                                  
l.579 (ii) if fμ
                  = 0, approximately
You may provide a definition with
\DeclareUnicodeCharacter 


! Package inputenc Error: Unicode character μ (U+03BC)
(inputenc)                not set up for use with LaTeX.

See the inputenc package documentation for explanation.
Type  H <return>  for immediate help.
 ...                                              
                                                  
l.580 ˙ x = μ
               x fxμ + 1
You may provide a definition with
\DeclareUnicodeCharacter 


! Package inputenc Error: Unicode character μ (U+03BC)
(inputenc)                not set up for use with LaTeX.

See the inputenc package documentation for explanation.
Type  H <return>  for immediate help.
 ...                                              
                                                  
l.580 ˙ x = μx fxμ
                      + 1
You may provide a definition with
\DeclareUnicodeCharacter 


! Package inputenc Error: Unicode character μ (U+03BC)
(inputenc)                not set up for use with LaTeX.

See the inputenc package documentation for explanation.
Type  H <return>  for immediate help.
 ...                                              
                                                  
l.582 2μ
         2 fμμ;
You may provide a definition with
\DeclareUnicodeCharacter 


! Package inputenc Error: Unicode character μ (U+03BC)
(inputenc)                not set up for use with LaTeX.

See the inputenc package documentation for explanation.
Type  H <return>  for immediate help.
 ...                                              
                                                  
l.582 2μ2 fμ
              μ;
You may provide a definition with
\DeclareUnicodeCharacter 


! Package inputenc Error: Unicode character μ (U+03BC)
(inputenc)                not set up for use with LaTeX.

See the inputenc package documentation for explanation.
Type  H <return>  for immediate help.
 ...                                              
                                                  
l.582 2μ2 fμμ
                ;
You may provide a definition with
\DeclareUnicodeCharacter 


! Package inputenc Error: Unicode character μ (U+03BC)
(inputenc)                not set up for use with LaTeX.

See the inputenc package documentation for explanation.
Type  H <return>  for immediate help.
 ...                                              
                                                  
l.583 (iii) if fμ
                   = 0 and fxx = 0, approximately
You may provide a definition with
\DeclareUnicodeCharacter 


! Package inputenc Error: Unicode character μ (U+03BC)
(inputenc)                not set up for use with LaTeX.

See the inputenc package documentation for explanation.
Type  H <return>  for immediate help.
 ...                                              
                                                  
l.584 ˙ x = μ
               x fxμ + 16
You may provide a definition with
\DeclareUnicodeCharacter 


! Package inputenc Error: Unicode character μ (U+03BC)
(inputenc)                not set up for use with LaTeX.

See the inputenc package documentation for explanation.
Type  H <return>  for immediate help.
 ...                                              
                                                  
l.584 ˙ x = μx fxμ
                      + 16
You may provide a definition with
\DeclareUnicodeCharacter 


! Package inputenc Error: Unicode character μ (U+03BC)
(inputenc)                not set up for use with LaTeX.

See the inputenc package documentation for explanation.
Type  H <return>  for immediate help.
 ...                                              
                                                  
l.586 2μ
         2 fμμ,
You may provide a definition with
\DeclareUnicodeCharacter 


! Package inputenc Error: Unicode character μ (U+03BC)
(inputenc)                not set up for use with LaTeX.

See the inputenc package documentation for explanation.
Type  H <return>  for immediate help.
 ...                                              
                                                  
l.586 2μ2 fμ
              μ,
You may provide a definition with
\DeclareUnicodeCharacter 


! Package inputenc Error: Unicode character μ (U+03BC)
(inputenc)                not set up for use with LaTeX.

See the inputenc package documentation for explanation.
Type  H <return>  for immediate help.
 ...                                              
                                                  
l.586 2μ2 fμμ
                ,
You may provide a definition with
\DeclareUnicodeCharacter 


! Package inputenc Error: Unicode character μ (U+03BC)
(inputenc)                not set up for use with LaTeX.

See the inputenc package documentation for explanation.
Type  H <return>  for immediate help.
 ...                                              
                                                  
l.587 and that in the last case, the μ
                                       2 term can also be ignored.
You may provide a definition with
\DeclareUnicodeCharacter 


! Package inputenc Error: Unicode character μ (U+03BC)
(inputenc)                not set up for use with LaTeX.

See the inputenc package documentation for explanation.
Type  H <return>  for immediate help.
 ...                                              
                                                  
l.589 of x versus the parameter μ
                                  , and indicate the stability of the variou...

You may provide a definition with
\DeclareUnicodeCharacter 


! Package inputenc Error: Unicode character μ (U+03BC)
(inputenc)                not set up for use with LaTeX.

See the inputenc package documentation for explanation.
Type  H <return>  for immediate help.
 ...                                              
                                                  
l.593 ˙ x = μ
                − x2,
You may provide a definition with
\DeclareUnicodeCharacter 


! Package inputenc Error: Unicode character − (U+2212)
(inputenc)                not set up for use with LaTeX.

See the inputenc package documentation for explanation.
Type  H <return>  for immediate help.
 ...                                              
                                                  
l.593 ˙ x = μ −
                    x2,
You may provide a definition with
\DeclareUnicodeCharacter 


! Package inputenc Error: Unicode character − (U+2212)
(inputenc)                not set up for use with LaTeX.

See the inputenc package documentation for explanation.
Type  H <return>  for immediate help.
 ...                                              
                                                  
l.594 ˙y = −
               y, (1.20)
You may provide a definition with
\DeclareUnicodeCharacter 


! Package inputenc Error: Unicode character μ (U+03BC)
(inputenc)                not set up for use with LaTeX.

See the inputenc package documentation for explanation.
Type  H <return>  for immediate help.
 ...                                              
                                                  
l.595 has a bifurcation at μ
                              = 0 where a saddle in x < 0 joins a node in x ...

You may provide a definition with
\DeclareUnicodeCharacter 


! Package inputenc Error: Unicode character − (U+2212)
(inputenc)                not set up for use with LaTeX.

See the inputenc package documentation for explanation.
Type  H <return>  for immediate help.
 ...                                              
                                                  
l.598 ˙ x = ax −
                    bxy,
You may provide a definition with
\DeclareUnicodeCharacter 


! Package inputenc Error: Unicode character − (U+2212)
(inputenc)                not set up for use with LaTeX.

See the inputenc package documentation for explanation.
Type  H <return>  for immediate help.
 ...                                              
                                                  
l.599 ˙y = −
               cy + dxy.
You may provide a definition with
\DeclareUnicodeCharacter 


! Package inputenc Error: Unicode character − (U+2212)
(inputenc)                not set up for use with LaTeX.

See the inputenc package documentation for explanation.
Type  H <return>  for immediate help.
 ...                                              
                                                  
l.601 ˙ x = x(1 −
                     y),
You may provide a definition with
\DeclareUnicodeCharacter 


! Package inputenc Error: Unicode character γ (U+03B3)
(inputenc)                not set up for use with LaTeX.

See the inputenc package documentation for explanation.
Type  H <return>  for immediate help.
 ...                                              
                                                  
l.602 ˙y = γ
               y(x − 1),
You may provide a definition with
\DeclareUnicodeCharacter 


! Package inputenc Error: Unicode character − (U+2212)
(inputenc)                not set up for use with LaTeX.

See the inputenc package documentation for explanation.
Type  H <return>  for immediate help.
 ...                                              
                                                  
l.602 ˙y = γ y(x −
                       1),
You may provide a definition with
\DeclareUnicodeCharacter 


! Package inputenc Error: Unicode character γ (U+03B3)
(inputenc)                not set up for use with LaTeX.

See the inputenc package documentation for explanation.
Type  H <return>  for immediate help.
 ...                                              
                                                  
l.603 and define γ
                    in terms of a, b, c and d.
You may provide a definition with
\DeclareUnicodeCharacter 


! Package inputenc Error: Unicode character μ (U+03BC)
(inputenc)                not set up for use with LaTeX.

See the inputenc package documentation for explanation.
Type  H <return>  for immediate help.
 ...                                              
                                                  
l.610 °ßx + μ
                (x2 − 1) ˙ x + x = 0.
You may provide a definition with
\DeclareUnicodeCharacter 


! Package inputenc Error: Unicode character − (U+2212)
(inputenc)                not set up for use with LaTeX.

See the inputenc package documentation for explanation.
Type  H <return>  for immediate help.
 ...                                              
                                                  
l.610 °ßx + μ(x2 −
                        1) ˙ x + x = 0.
You may provide a definition with
\DeclareUnicodeCharacter 


! Package inputenc Error: Unicode character μ (U+03BC)
(inputenc)                not set up for use with LaTeX.

See the inputenc package documentation for explanation.
Type  H <return>  for immediate help.
 ...                                              
                                                  
l.613 is stable ifμ
                     < 0 and unstable ifμ > 0.
You may provide a definition with
\DeclareUnicodeCharacter 


! Package inputenc Error: Unicode character μ (U+03BC)
(inputenc)                not set up for use with LaTeX.

See the inputenc package documentation for explanation.
Type  H <return>  for immediate help.
 ...                                              
                                                  
l.613 is stable ifμ < 0 and unstable ifμ
                                           > 0.
You may provide a definition with
\DeclareUnicodeCharacter 


! Package inputenc Error: Unicode character μ (U+03BC)
(inputenc)                not set up for use with LaTeX.

See the inputenc package documentation for explanation.
Type  H <return>  for immediate help.
 ...                                              
                                                  
l.614 What kind of bifurcation occurs at μ
                                            = 0?
You may provide a definition with
\DeclareUnicodeCharacter 


! Package inputenc Error: Unicode character λ (U+03BB)
(inputenc)                not set up for use with LaTeX.

See the inputenc package documentation for explanation.
Type  H <return>  for immediate help.
 ...                                              
                                                  
l.615 1.7 A λ
              -ω system is given by
You may provide a definition with
\DeclareUnicodeCharacter 


! Package inputenc Error: Unicode character ω (U+03C9)
(inputenc)                not set up for use with LaTeX.

See the inputenc package documentation for explanation.
Type  H <return>  for immediate help.
 ...                                              
                                                  
l.615 1.7 A λ-ω
                  system is given by
You may provide a definition with
\DeclareUnicodeCharacter 


! Package inputenc Error: Unicode character λ (U+03BB)
(inputenc)                not set up for use with LaTeX.

See the inputenc package documentation for explanation.
Type  H <return>  for immediate help.
 ...                                              
                                                  
l.616 ˙ u = λ
               u − ωv,
You may provide a definition with
\DeclareUnicodeCharacter 


! Package inputenc Error: Unicode character − (U+2212)
(inputenc)                not set up for use with LaTeX.

See the inputenc package documentation for explanation.
Type  H <return>  for immediate help.
 ...                                              
                                                  
l.616 ˙ u = λu −
                     ωv,
You may provide a definition with
\DeclareUnicodeCharacter 


! Package inputenc Error: Unicode character ω (U+03C9)
(inputenc)                not set up for use with LaTeX.

See the inputenc package documentation for explanation.
Type  H <return>  for immediate help.
 ...                                              
                                                  
l.616 ˙ u = λu − ω
                       v,
You may provide a definition with
\DeclareUnicodeCharacter 


! Package inputenc Error: Unicode character ω (U+03C9)
(inputenc)                not set up for use with LaTeX.

See the inputenc package documentation for explanation.
Type  H <return>  for immediate help.
 ...                                              
                                                  
l.618 = ω
          u + λv,
You may provide a definition with
\DeclareUnicodeCharacter 


! Package inputenc Error: Unicode character λ (U+03BB)
(inputenc)                not set up for use with LaTeX.

See the inputenc package documentation for explanation.
Type  H <return>  for immediate help.
 ...                                              
                                                  
l.618 = ωu + λ
                v,
You may provide a definition with
\DeclareUnicodeCharacter 


! Package inputenc Error: Unicode character λ (U+03BB)
(inputenc)                not set up for use with LaTeX.

See the inputenc package documentation for explanation.
Type  H <return>  for immediate help.
 ...                                              
                                                  
l.619 in which λ
                  = λ(r ), ω = ω(r ) and r 2 = u2 + v2.
You may provide a definition with
\DeclareUnicodeCharacter 


! Package inputenc Error: Unicode character λ (U+03BB)
(inputenc)                not set up for use with LaTeX.

See the inputenc package documentation for explanation.
Type  H <return>  for immediate help.
 ...                                              
                                                  
l.619 in which λ = λ
                      (r ), ω = ω(r ) and r 2 = u2 + v2.
You may provide a definition with
\DeclareUnicodeCharacter 


! Package inputenc Error: Unicode character ω (U+03C9)
(inputenc)                not set up for use with LaTeX.

See the inputenc package documentation for explanation.
Type  H <return>  for immediate help.
 ...                                              
                                                  
l.619 in which λ = λ(r ), ω
                               = ω(r ) and r 2 = u2 + v2.
You may provide a definition with
\DeclareUnicodeCharacter 


! Package inputenc Error: Unicode character ω (U+03C9)
(inputenc)                not set up for use with LaTeX.

See the inputenc package documentation for explanation.
Type  H <return>  for immediate help.
 ...                                              
                                                  
l.619 in which λ = λ(r ), ω = ω
                                   (r ) and r 2 = u2 + v2.
You may provide a definition with
\DeclareUnicodeCharacter 


! Package inputenc Error: Unicode character λ (U+03BB)
(inputenc)                not set up for use with LaTeX.

See the inputenc package documentation for explanation.
Type  H <return>  for immediate help.
 ...                                              
                                                  
l.623 ˙ r = λ
               (r )r.
You may provide a definition with
\DeclareUnicodeCharacter 


! Package inputenc Error: Unicode character ω (U+03C9)
(inputenc)                not set up for use with LaTeX.

See the inputenc package documentation for explanation.
Type  H <return>  for immediate help.
 ...                                              
                                                  
l.624 Deduce that if ω
                       (r ) ≡ 1 and λ(r ) = μ − r 2, a Hopf bifurcatio...

You may provide a definition with
\DeclareUnicodeCharacter 


! Package inputenc Error: Unicode character ≡ (U+2261)
(inputenc)                not set up for use with LaTeX.

See the inputenc package documentation for explanation.
Type  H <return>  for immediate help.
 ...                                              
                                                  
l.624 Deduce that if ω(r ) ≡
                                1 and λ(r ) = μ − r 2, a Hopf bifurcatio...

You may provide a definition with
\DeclareUnicodeCharacter 


! Package inputenc Error: Unicode character λ (U+03BB)
(inputenc)                not set up for use with LaTeX.

See the inputenc package documentation for explanation.
Type  H <return>  for immediate help.
 ...                                              
                                                  
l.624 Deduce that if ω(r ) ≡ 1 and λ
                                        (r ) = μ − r 2, a Hopf bifurcatio...

You may provide a definition with
\DeclareUnicodeCharacter 


! Package inputenc Error: Unicode character μ (U+03BC)
(inputenc)                not set up for use with LaTeX.

See the inputenc package documentation for explanation.
Type  H <return>  for immediate help.
 ...                                              
                                                  
l.624 Deduce that if ω(r ) ≡ 1 and λ(r ) = μ
                                                  − r 2, a Hopf bifurcatio...

You may provide a definition with
\DeclareUnicodeCharacter 


! Package inputenc Error: Unicode character − (U+2212)
(inputenc)                not set up for use with LaTeX.

See the inputenc package documentation for explanation.
Type  H <return>  for immediate help.
 ...                                              
                                                  
l.624 ... that if ω(r ) ≡ 1 and λ(r ) = μ −
                                                   r 2, a Hopf bifurcation o...

You may provide a definition with
\DeclareUnicodeCharacter 


! Package inputenc Error: Unicode character μ (U+03BC)
(inputenc)                not set up for use with LaTeX.

See the inputenc package documentation for explanation.
Type  H <return>  for immediate help.
 ...                                              
                                                  
l.625 μ
         = 0. Plot the resultant bifurcation diagram.
You may provide a definition with
\DeclareUnicodeCharacter 


! Package inputenc Error: Unicode character λ (U+03BB)
(inputenc)                not set up for use with LaTeX.

See the inputenc package documentation for explanation.
Type  H <return>  for immediate help.
 ...                                              
                                                  
l.626 If, instead, λ
                      = μr 2 − r 4, show that the bifurcation diagram rem...

You may provide a definition with
\DeclareUnicodeCharacter 


! Package inputenc Error: Unicode character μ (U+03BC)
(inputenc)                not set up for use with LaTeX.

See the inputenc package documentation for explanation.
Type  H <return>  for immediate help.
 ...                                              
                                                  
l.626 If, instead, λ = μ
                          r 2 − r 4, show that the bifurcation diagram rem...

You may provide a definition with
\DeclareUnicodeCharacter 


! Package inputenc Error: Unicode character − (U+2212)
(inputenc)                not set up for use with LaTeX.

See the inputenc package documentation for explanation.
Type  H <return>  for immediate help.
 ...                                              
                                                  
l.626 If, instead, λ = μr 2 −
                                  r 4, show that the bifurcation diagram rem...

You may provide a definition with
\DeclareUnicodeCharacter 


! Package inputenc Error: Unicode character μ (U+03BC)
(inputenc)                not set up for use with LaTeX.

See the inputenc package documentation for explanation.
Type  H <return>  for immediate help.
 ...                                              
                                                  
l.629 (i) ˙ x = x(μ
                      − c − μbx), b, c > 0;
You may provide a definition with
\DeclareUnicodeCharacter 


! Package inputenc Error: Unicode character − (U+2212)
(inputenc)                not set up for use with LaTeX.

See the inputenc package documentation for explanation.
Type  H <return>  for immediate help.
 ...                                              
                                                  
l.629 (i) ˙ x = x(μ −
                          c − μbx), b, c > 0;
You may provide a definition with
\DeclareUnicodeCharacter 


! Package inputenc Error: Unicode character − (U+2212)
(inputenc)                not set up for use with LaTeX.

See the inputenc package documentation for explanation.
Type  H <return>  for immediate help.
 ...                                              
                                                  
l.629 (i) ˙ x = x(μ − c −
                                μbx), b, c > 0;
You may provide a definition with
\DeclareUnicodeCharacter 


! Package inputenc Error: Unicode character μ (U+03BC)
(inputenc)                not set up for use with LaTeX.

See the inputenc package documentation for explanation.
Type  H <return>  for immediate help.
 ...                                              
                                                  
l.629 (i) ˙ x = x(μ − c − μ
                                  bx), b, c > 0;
You may provide a definition with
\DeclareUnicodeCharacter 


! Package inputenc Error: Unicode character μ (U+03BC)
(inputenc)                not set up for use with LaTeX.

See the inputenc package documentation for explanation.
Type  H <return>  for immediate help.
 ...                                              
                                                  
l.630 (ii) ˙ x = μ
                    x − bx2 + cx3, b > 0;
You may provide a definition with
\DeclareUnicodeCharacter 


! Package inputenc Error: Unicode character − (U+2212)
(inputenc)                not set up for use with LaTeX.

See the inputenc package documentation for explanation.
Type  H <return>  for immediate help.
 ...                                              
                                                  
l.630 (ii) ˙ x = μx −
                          bx2 + cx3, b > 0;
You may provide a definition with
\DeclareUnicodeCharacter 


! Package inputenc Error: Unicode character − (U+2212)
(inputenc)                not set up for use with LaTeX.

See the inputenc package documentation for explanation.
Type  H <return>  for immediate help.
 ...                                              
                                                  
l.631 (iii) ˙ x = −
                      x(x2 − 2bx − μ), b > 0;
You may provide a definition with
\DeclareUnicodeCharacter 


! Package inputenc Error: Unicode character − (U+2212)
(inputenc)                not set up for use with LaTeX.

See the inputenc package documentation for explanation.
Type  H <return>  for immediate help.
 ...                                              
                                                  
l.631 (iii) ˙ x = −x(x2 −
                               2bx − μ), b > 0;
You may provide a definition with
\DeclareUnicodeCharacter 


! Package inputenc Error: Unicode character − (U+2212)
(inputenc)                not set up for use with LaTeX.

See the inputenc package documentation for explanation.
Type  H <return>  for immediate help.
 ...                                              
                                                  
l.631 (iii) ˙ x = −x(x2 − 2bx −
                                       μ), b > 0;
You may provide a definition with
\DeclareUnicodeCharacter 


! Package inputenc Error: Unicode character μ (U+03BC)
(inputenc)                not set up for use with LaTeX.

See the inputenc package documentation for explanation.
Type  H <return>  for immediate help.
 ...                                              
                                                  
l.631 (iii) ˙ x = −x(x2 − 2bx − μ
                                         ), b > 0;
You may provide a definition with
\DeclareUnicodeCharacter 


! Package inputenc Error: Unicode character μ (U+03BC)
(inputenc)                not set up for use with LaTeX.

See the inputenc package documentation for explanation.
Type  H <return>  for immediate help.
 ...                                              
                                                  
l.633 that the critical value of μ
                                    is zero.)
You may provide a definition with
\DeclareUnicodeCharacter 


! Package inputenc Error: Unicode character θ (U+03B8)
(inputenc)                not set up for use with LaTeX.

See the inputenc package documentation for explanation.
Type  H <return>  for immediate help.
 ...                                              
                                                  
l.635 coordinates (r, θ
                        ), for μ ><
You may provide a definition with
\DeclareUnicodeCharacter 


! Package inputenc Error: Unicode character μ (U+03BC)
(inputenc)                not set up for use with LaTeX.

See the inputenc package documentation for explanation.
Type  H <return>  for immediate help.
 ...                                              
                                                  
l.635 coordinates (r, θ), for μ
                                  ><
You may provide a definition with
\DeclareUnicodeCharacter 


! Package inputenc Error: Unicode character μ (U+03BC)
(inputenc)                not set up for use with LaTeX.

See the inputenc package documentation for explanation.
Type  H <return>  for immediate help.
 ...                                              
                                                  
l.637 at μ
            = 0:
You may provide a definition with
\DeclareUnicodeCharacter 


! Package inputenc Error: Unicode character μ (U+03BC)
(inputenc)                not set up for use with LaTeX.

See the inputenc package documentation for explanation.
Type  H <return>  for immediate help.
 ...                                              
                                                  
l.638 (a) ˙ r = r(μ
                      − r 2)(2μ − r 2)2;
You may provide a definition with
\DeclareUnicodeCharacter 


! Package inputenc Error: Unicode character − (U+2212)
(inputenc)                not set up for use with LaTeX.

See the inputenc package documentation for explanation.
Type  H <return>  for immediate help.
 ...                                              
                                                  
l.638 (a) ˙ r = r(μ −
                          r 2)(2μ − r 2)2;
You may provide a definition with
\DeclareUnicodeCharacter 


! Package inputenc Error: Unicode character μ (U+03BC)
(inputenc)                not set up for use with LaTeX.

See the inputenc package documentation for explanation.
Type  H <return>  for immediate help.
 ...                                              
                                                  
l.638 (a) ˙ r = r(μ − r 2)(2μ
                                   − r 2)2;
You may provide a definition with
\DeclareUnicodeCharacter 


! Package inputenc Error: Unicode character − (U+2212)
(inputenc)                not set up for use with LaTeX.

See the inputenc package documentation for explanation.
Type  H <return>  for immediate help.
 ...                                              
                                                  
l.638 (a) ˙ r = r(μ − r 2)(2μ −
                                       r 2)2;
You may provide a definition with
\DeclareUnicodeCharacter 


! Package inputenc Error: Unicode character μ (U+03BC)
(inputenc)                not set up for use with LaTeX.

See the inputenc package documentation for explanation.
Type  H <return>  for immediate help.
 ...                                              
                                                  
l.639 (b) ˙ r = r (r + μ
                          )(r − μ);
You may provide a definition with
\DeclareUnicodeCharacter 


! Package inputenc Error: Unicode character − (U+2212)
(inputenc)                not set up for use with LaTeX.

See the inputenc package documentation for explanation.
Type  H <return>  for immediate help.
 ...                                              
                                                  
l.639 (b) ˙ r = r (r + μ)(r −
                                  μ);
You may provide a definition with
\DeclareUnicodeCharacter 


! Package inputenc Error: Unicode character μ (U+03BC)
(inputenc)                not set up for use with LaTeX.

See the inputenc package documentation for explanation.
Type  H <return>  for immediate help.
 ...                                              
                                                  
l.639 (b) ˙ r = r (r + μ)(r − μ
                                    );
You may provide a definition with
\DeclareUnicodeCharacter 


! Package inputenc Error: Unicode character − (U+2212)
(inputenc)                not set up for use with LaTeX.

See the inputenc package documentation for explanation.
Type  H <return>  for immediate help.
 ...                                              
                                                  
l.640 (c) ˙ r = −
                    μ2r (r + μ)2(r − μ)2;
You may provide a definition with
\DeclareUnicodeCharacter 


! Package inputenc Error: Unicode character μ (U+03BC)
(inputenc)                not set up for use with LaTeX.

See the inputenc package documentation for explanation.
Type  H <return>  for immediate help.
 ...                                              
                                                  
l.640 (c) ˙ r = −μ
                      2r (r + μ)2(r − μ)2;
You may provide a definition with
\DeclareUnicodeCharacter 


! Package inputenc Error: Unicode character μ (U+03BC)
(inputenc)                not set up for use with LaTeX.

See the inputenc package documentation for explanation.
Type  H <return>  for immediate help.
 ...                                              
                                                  
l.640 (c) ˙ r = −μ2r (r + μ
                                )2(r − μ)2;
You may provide a definition with
\DeclareUnicodeCharacter 


! Package inputenc Error: Unicode character − (U+2212)
(inputenc)                not set up for use with LaTeX.

See the inputenc package documentation for explanation.
Type  H <return>  for immediate help.
 ...                                              
                                                  
l.640 (c) ˙ r = −μ2r (r + μ)2(r −
                                         μ)2;
You may provide a definition with
\DeclareUnicodeCharacter 


! Package inputenc Error: Unicode character μ (U+03BC)
(inputenc)                not set up for use with LaTeX.

See the inputenc package documentation for explanation.
Type  H <return>  for immediate help.
 ...                                              
                                                  
l.640 (c) ˙ r = −μ2r (r + μ)2(r − μ
                                           )2;
You may provide a definition with
\DeclareUnicodeCharacter 


! Package inputenc Error: Unicode character θ (U+03B8)
(inputenc)                not set up for use with LaTeX.

See the inputenc package documentation for explanation.
Type  H <return>  for immediate help.
 ...                                              
                                                  
l.641 with ˙ θ
                 = 1 in all cases.
You may provide a definition with
\DeclareUnicodeCharacter 

[10]

! Package inputenc Error: Unicode character δ (U+03B4)
(inputenc)                not set up for use with LaTeX.

See the inputenc package documentation for explanation.
Type  H <return>  for immediate help.
 ...                                              
                                                  
l.644 °ßx + δ
                 ˙ x + x(x2 − 1) = −z,
You may provide a definition with
\DeclareUnicodeCharacter 


! Package inputenc Error: Unicode character − (U+2212)
(inputenc)                not set up for use with LaTeX.

See the inputenc package documentation for explanation.
Type  H <return>  for immediate help.
 ...                                              
                                                  
l.644 °ßx + δ ˙ x + x(x2 −
                                 1) = −z,
You may provide a definition with
\DeclareUnicodeCharacter 


! Package inputenc Error: Unicode character − (U+2212)
(inputenc)                not set up for use with LaTeX.

See the inputenc package documentation for explanation.
Type  H <return>  for immediate help.
 ...                                              
                                                  
l.644 °ßx + δ ˙ x + x(x2 − 1) = −
                                         z,
You may provide a definition with
\DeclareUnicodeCharacter 


! Package inputenc Error: Unicode character α (U+03B1)
(inputenc)                not set up for use with LaTeX.

See the inputenc package documentation for explanation.
Type  H <return>  for immediate help.
 ...                                              
                                                  
l.645 ˙z + α
              z = αγ x,
You may provide a definition with
\DeclareUnicodeCharacter 


! Package inputenc Error: Unicode character α (U+03B1)
(inputenc)                not set up for use with LaTeX.

See the inputenc package documentation for explanation.
Type  H <return>  for immediate help.
 ...                                              
                                                  
l.645 ˙z + αz = α
                    γ x,
You may provide a definition with
\DeclareUnicodeCharacter 


! Package inputenc Error: Unicode character γ (U+03B3)
(inputenc)                not set up for use with LaTeX.

See the inputenc package documentation for explanation.
Type  H <return>  for immediate help.
 ...                                              
                                                  
l.645 ˙z + αz = αγ
                       x,
You may provide a definition with
\DeclareUnicodeCharacter 


! Package inputenc Error: Unicode character α (U+03B1)
(inputenc)                not set up for use with LaTeX.

See the inputenc package documentation for explanation.
Type  H <return>  for immediate help.
 ...                                              
                                                  
l.648 occur on three distinct surfaces in (α
                                             , δ, γ ) space. Show that the...

You may provide a definition with
\DeclareUnicodeCharacter 


! Package inputenc Error: Unicode character δ (U+03B4)
(inputenc)                not set up for use with LaTeX.

See the inputenc package documentation for explanation.
Type  H <return>  for immediate help.
 ...                                              
                                                  
l.648 occur on three distinct surfaces in (α, δ
                                                 , γ ) space. Show that the...

You may provide a definition with
\DeclareUnicodeCharacter 


! Package inputenc Error: Unicode character γ (U+03B3)
(inputenc)                not set up for use with LaTeX.

See the inputenc package documentation for explanation.
Type  H <return>  for immediate help.
 ...                                              
                                                  
l.648 ...on three distinct surfaces in (α, δ, γ
                                                   ) space. Show that these ...

You may provide a definition with
\DeclareUnicodeCharacter 


! Package inputenc Error: Unicode character γ (U+03B3)
(inputenc)                not set up for use with LaTeX.

See the inputenc package documentation for explanation.
Type  H <return>  for immediate help.
 ...                                              
                                                  
l.649 meet at γ
                 = 1, δ = 1/α, where there is a degenerate bifurcation.
You may provide a definition with
\DeclareUnicodeCharacter 


! Package inputenc Error: Unicode character δ (U+03B4)
(inputenc)                not set up for use with LaTeX.

See the inputenc package documentation for explanation.
Type  H <return>  for immediate help.
 ...                                              
                                                  
l.649 meet at γ = 1, δ
                         = 1/α, where there is a degenerate bifurcation.
You may provide a definition with
\DeclareUnicodeCharacter 


! Package inputenc Error: Unicode character α (U+03B1)
(inputenc)                not set up for use with LaTeX.

See the inputenc package documentation for explanation.
Type  H <return>  for immediate help.
 ...                                              
                                                  
l.649 meet at γ = 1, δ = 1/α
                               , where there is a degenerate bifurcation.
You may provide a definition with
\DeclareUnicodeCharacter 


! Package inputenc Error: Unicode character ε (U+03B5)
(inputenc)                not set up for use with LaTeX.

See the inputenc package documentation for explanation.
Type  H <return>  for immediate help.
 ...                                              
                                                  
l.651 ε
         ˙ x = −x + f (x1),
You may provide a definition with
\DeclareUnicodeCharacter 


! Package inputenc Error: Unicode character − (U+2212)
(inputenc)                not set up for use with LaTeX.

See the inputenc package documentation for explanation.
Type  H <return>  for immediate help.
 ...                                              
                                                  
l.651 ε ˙ x = −
                   x + f (x1),
You may provide a definition with
\DeclareUnicodeCharacter 


! Package inputenc Error: Unicode character − (U+2212)
(inputenc)                not set up for use with LaTeX.

See the inputenc package documentation for explanation.
Type  H <return>  for immediate help.
 ...                                              
                                                  
l.652 where x1 = x(t −
                         1), is called a delay-differential equation. Explai...

You may provide a definition with
\DeclareUnicodeCharacter 


! Package inputenc Error: Unicode character ∈ (U+2208)
(inputenc)                not set up for use with LaTeX.

See the inputenc package documentation for explanation.
Type  H <return>  for immediate help.
 ...                                              
                                                  
l.653 ...data for this equation is x = u(t), t ∈
                                                   [−1, 0], and deduce tha...

You may provide a definition with
\DeclareUnicodeCharacter 


! Package inputenc Error: Unicode character − (U+2212)
(inputenc)                not set up for use with LaTeX.

See the inputenc package documentation for explanation.
Type  H <return>  for immediate help.
 ...                                              
                                                  
l.653 ...for this equation is x = u(t), t ∈ [−
                                                  1, 0], and deduce that the...

You may provide a definition with
\DeclareUnicodeCharacter 


! Package inputenc Error: Unicode character ε (U+03B5)
(inputenc)                not set up for use with LaTeX.

See the inputenc package documentation for explanation.
Type  H <return>  for immediate help.
 ...                                              
                                                  
l.656 ε
         ˙ x0 = −x0 + f (xN ),
You may provide a definition with
\DeclareUnicodeCharacter 


! Package inputenc Error: Unicode character − (U+2212)
(inputenc)                not set up for use with LaTeX.

See the inputenc package documentation for explanation.
Type  H <return>  for immediate help.
 ...                                              
                                                  
l.656 ε ˙ x0 = −
                    x0 + f (xN ),
You may provide a definition with
\DeclareUnicodeCharacter 


! Package inputenc Error: Unicode character − (U+2212)
(inputenc)                not set up for use with LaTeX.

See the inputenc package documentation for explanation.
Type  H <return>  for immediate help.
 ...                                              
                                                  
l.659 ˙ xn = −
                 xn + xn−1, n = 1, 2, ...N. (1.21)
You may provide a definition with
\DeclareUnicodeCharacter 


! Package inputenc Error: Unicode character − (U+2212)
(inputenc)                not set up for use with LaTeX.

See the inputenc package documentation for explanation.
Type  H <return>  for immediate help.
 ...                                              
                                                  
l.659 ˙ xn = −xn + xn−
                           1, n = 1, 2, ...N. (1.21)
You may provide a definition with
\DeclareUnicodeCharacter 


! Package inputenc Error: Unicode character ∗ (U+2217)
(inputenc)                not set up for use with LaTeX.

See the inputenc package documentation for explanation.
Type  H <return>  for immediate help.
 ...                                              
                                                  
l.661 If x∗
              is an equilibrium point, derive a transcendental equation for ...

You may provide a definition with
\DeclareUnicodeCharacter 


! Package inputenc Error: Unicode character σ (U+03C3)
(inputenc)                not set up for use with LaTeX.

See the inputenc package documentation for explanation.
Type  H <return>  for immediate help.
 ...                                              
                                                  
l.662 σ
         of infinitesimal perturbations eσt to x∗, for the delay equation...

You may provide a definition with
\DeclareUnicodeCharacter 


! Package inputenc Error: Unicode character σ (U+03C3)
(inputenc)                not set up for use with LaTeX.

See the inputenc package documentation for explanation.
Type  H <return>  for immediate help.
 ...                                              
                                                  
l.662 σ of infinitesimal perturbations eσ
                                           t to x∗, for the delay equation...

You may provide a definition with
\DeclareUnicodeCharacter 


! Package inputenc Error: Unicode character ∗ (U+2217)
(inputenc)                not set up for use with LaTeX.

See the inputenc package documentation for explanation.
Type  H <return>  for immediate help.
 ...                                              
                                                  
l.662 ... infinitesimal perturbations eσt to x∗
                                                  , for the delay equation. ...

You may provide a definition with
\DeclareUnicodeCharacter 


! Package inputenc Error: Unicode character   (U+2000)
(inputenc)                not set up for use with LaTeX.

See the inputenc package documentation for explanation.
Type  H <return>  for immediate help.
 ...                                              
                                                  
l.664  
          
You may provide a definition with
\DeclareUnicodeCharacter 


! Package inputenc Error: Unicode character   (U+2000)
(inputenc)                not set up for use with LaTeX.

See the inputenc package documentation for explanation.
Type  H <return>  for immediate help.
 ...                                              
                                                  
l.664   
            
You may provide a definition with
\DeclareUnicodeCharacter 


! Package inputenc Error: Unicode character   (U+2000)
(inputenc)                not set up for use with LaTeX.

See the inputenc package documentation for explanation.
Type  H <return>  for immediate help.
 ...                                              
                                                  
l.665 f  
           
You may provide a definition with
\DeclareUnicodeCharacter 


! Package inputenc Error: Unicode character   (U+2000)
(inputenc)                not set up for use with LaTeX.

See the inputenc package documentation for explanation.
Type  H <return>  for immediate help.
 ...                                              
                                                  
l.666  
          
You may provide a definition with
\DeclareUnicodeCharacter 


! Package inputenc Error: Unicode character   (U+2000)
(inputenc)                not set up for use with LaTeX.

See the inputenc package documentation for explanation.
Type  H <return>  for immediate help.
 ...                                              
                                                  
l.666   
            
You may provide a definition with
\DeclareUnicodeCharacter 


! Package inputenc Error: Unicode character ε (U+03B5)
(inputenc)                not set up for use with LaTeX.

See the inputenc package documentation for explanation.
Type  H <return>  for immediate help.
 ...                                              
                                                  
l.670 ...differential equation for small enough ε
                                                  . The
You may provide a definition with
\DeclareUnicodeCharacter 


! Package inputenc Error: Unicode character ∗ (U+2217)
(inputenc)                not set up for use with LaTeX.

See the inputenc package documentation for explanation.
Type  H <return>  for immediate help.
 ...                                              
                                                  
l.671 fixed point x∗
                       loses stability by a Hopf bifurcation (if f  
You may provide a definition with
\DeclareUnicodeCharacter 


! Package inputenc Error: Unicode character   (U+2000)
(inputenc)                not set up for use with LaTeX.

See the inputenc package documentation for explanation.
Type  H <return>  for immediate help.
 ...                                              
                                                  
l.671 ...stability by a Hopf bifurcation (if f  
                                                  
You may provide a definition with
\DeclareUnicodeCharacter 


! Package inputenc Error: Unicode character ∗ (U+2217)
(inputenc)                not set up for use with LaTeX.

See the inputenc package documentation for explanation.
Type  H <return>  for immediate help.
 ...                                              
                                                  
l.672 (x∗
           
You may provide a definition with
\DeclareUnicodeCharacter 


! Package inputenc Error: Unicode character − (U+2212)
(inputenc)                not set up for use with LaTeX.

See the inputenc package documentation for explanation.
Type  H <return>  for immediate help.
 ...                                              
                                                  
l.673 ) < −
             1), and then
You may provide a definition with
\DeclareUnicodeCharacter 

! Missing $ inserted.
<inserted text> 
                $
l.677 Chaos_
            An_Intro_Applied_Math_Andrew_Fowler
I've inserted a begin-math/end-math symbol since I think
you left one out. Proceed, with fingers crossed.

! Missing $ inserted.
<inserted text> 
                $
l.678 
      
I've inserted a begin-math/end-math symbol since I think
you left one out. Proceed, with fingers crossed.

[11] (./c01.aux) ) 
Here is how much of TeX's memory you used:
 502 strings out of 481239
 7818 string characters out of 5920378
 246561 words of memory out of 5000000
 15833 multiletter control sequences out of 15000+600000
 534372 words of font info for 33 fonts, out of 8000000 for 9000
 1141 hyphenation exceptions out of 8191
 25i,4n,27p,176b,97s stack positions out of 5000i,500n,10000p,200000b,80000s
{/usr/share/texmf/fonts/enc/dvips/cm-super/cm-super-ts1.enc}<
/usr/share/texlive/texmf-dist/fonts/type1/public/amsfonts/cm/cmex10.pfb></usr/s
hare/texlive/texmf-dist/fonts/type1/public/amsfonts/cm/cmmi10.pfb></usr/share/t
exlive/texmf-dist/fonts/type1/public/amsfonts/cm/cmmi7.pfb></usr/share/texlive/
texmf-dist/fonts/type1/public/amsfonts/cm/cmr10.pfb></usr/share/texlive/texmf-d
ist/fonts/type1/public/amsfonts/cm/cmr7.pfb></usr/share/texlive/texmf-dist/font
s/type1/public/amsfonts/cm/cmsy10.pfb></usr/share/texlive/texmf-dist/fonts/type
1/public/amsfonts/cm/cmsy7.pfb></usr/share/texlive/texmf-dist/fonts/type1/publi
c/amsfonts/symbols/msbm10.pfb></usr/share/texmf/fonts/type1/public/cm-super/sfr
m1000.pfb>
Output written on c01.pdf (11 pages, 122233 bytes).
PDF statistics:
 77 PDF objects out of 1000 (max. 8388607)
 54 compressed objects within 1 object stream
 0 named destinations out of 1000 (max. 500000)
 1 words of extra memory for PDF output out of 10000 (max. 10000000)

